,42_willingness_share_inventory_data_suppliers,44_willingness_inventory_management_suppliers,45_willingness_reorder_suppliers,46_willingness_reorder_suppliers_variety,47_willingness_reorder_suppliers_lower_prices,43_willingness_share_sales_data_suppliers,58_willingness_share_sales_data_mse,192_procurement_planning_tools,158_charact_organize_products_on_shelves,157_frequency_organize_shelves,249_technology_training,250_technology_investment_operations,251_technology_investment_customers,254_technology_roadmap,260_technology_scalable,261_technology_organization,262_technology_serve_customers,263_technology_secure_sales,264_technology_budget,267_technology_investment_customer_preferences
0,Algo de acuerdo,Algo en desacuerdo,Algo en desacuerdo,Algo en desacuerdo,Totalmente en desacuerdo,Totalmente en desacuerdo,Totalmente de acuerdo,Ninguna,"Categoría (e.g. limpieza, aseo personal, comestibles, lácteos, etc.),Tamaño",Semestralmente,De acuerdo,En desacuerdo,Ni de acuerdo ni en desacuerdo,Totalmente en desacuerdo,En desacuerdo,De acuerdo,De acuerdo,Ni de acuerdo ni en desacuerdo,En desacuerdo,En desacuerdo
1,Algo de acuerdo,Algo en desacuerdo,Algo en desacuerdo,Algo en desacuerdo,Totalmente en desacuerdo,Totalmente en desacuerdo,Totalmente de acuerdo,Ninguna,"Categoría (e.g. limpieza, aseo personal, comestibles, lácteos, etc.)",Semanalmente,De acuerdo,En desacuerdo,Ni de acuerdo ni en desacuerdo,Totalmente en desacuerdo,En desacuerdo,De acuerdo,De acuerdo,Ni de acuerdo ni en desacuerdo,En desacuerdo,En desacuerdo
2,Algo de acuerdo,Algo en desacuerdo,Algo en desacuerdo,Algo en desacuerdo,Totalmente en desacuerdo,Totalmente en desacuerdo,Totalmente de acuerdo,Ninguna,"Categoría (e.g. limpieza, aseo personal, comestibles, lácteos, etc.)",Semanalmente,De acuerdo,En desacuerdo,Ni de acuerdo ni en desacuerdo,Totalmente en desacuerdo,En desacuerdo,De acuerdo,De acuerdo,Ni de acuerdo ni en desacuerdo,En desacuerdo,En desacuerdo
3,Algo de acuerdo,Algo en desacuerdo,Algo en desacuerdo,Algo en desacuerdo,Totalmente en desacuerdo,Totalmente en desacuerdo,Totalmente de acuerdo,Ninguna,"Categoría (e.g. limpieza, aseo personal, comestibles, lácteos, etc.)",Semanalmente,De acuerdo,En desacuerdo,Ni de acuerdo ni en desacuerdo,Totalmente en desacuerdo,En desacuerdo,De acuerdo,De acuerdo,Ni de acuerdo ni en desacuerdo,En desacuerdo,En desacuerdo
4,Algo de acuerdo,Algo en desacuerdo,Algo en desacuerdo,Algo en desacuerdo,Totalmente en desacuerdo,Totalmente en desacuerdo,Totalmente de acuerdo,Ninguna,Venta cruzada (e.g. cereal + leche),Mensualmente,De acuerdo,En desacuerdo,Ni de acuerdo ni en desacuerdo,Totalmente en desacuerdo,En desacuerdo,De acuerdo,De acuerdo,Ni de acuerdo ni en desacuerdo,En desacuerdo,En desacuerdo
5,Algo de acuerdo,Algo en desacuerdo,Algo en desacuerdo,Algo en desacuerdo,Totalmente en desacuerdo,Totalmente en desacuerdo,Totalmente de acuerdo,Ninguna,Precio,Diariamente,De acuerdo,En desacuerdo,Ni de acuerdo ni en desacuerdo,Totalmente en desacuerdo,En desacuerdo,De acuerdo,De acuerdo,Ni de acuerdo ni en desacuerdo,En desacuerdo,En desacuerdo
6,Algo de acuerdo,Algo en desacuerdo,Algo en desacuerdo,Algo en desacuerdo,Totalmente en desacuerdo,Totalmente en desacuerdo,Totalmente de acuerdo,Ninguna,Frecuencia de venta,Semanalmente,De acuerdo,En desacuerdo,Ni de acuerdo ni en desacuerdo,Totalmente en desacuerdo,En desacuerdo,De acuerdo,De acuerdo,Ni de acuerdo ni en desacuerdo,En desacuerdo,En desacuerdo
7,Totalmente en desacuerdo,Totalmente en desacuerdo,Ni de acuerdo ni en desacuerdo,Totalmente de acuerdo,Totalmente en desacuerdo,Totalmente en desacuerdo,Totalmente de acuerdo,Software especializado,"Categoría (e.g. limpieza, aseo personal, comestibles, lácteos, etc.),Precio",Semanalmente,De acuerdo,En desacuerdo,Ni de acuerdo ni en desacuerdo,Totalmente en desacuerdo,En desacuerdo,De acuerdo,En desacuerdo,De acuerdo,Totalmente en desacuerdo,Totalmente de acuerdo
8,Totalmente en desacuerdo,Totalmente en desacuerdo,Ni de acuerdo ni en desacuerdo,Totalmente de acuerdo,Totalmente en desacuerdo,Totalmente en desacuerdo,Totalmente de acuerdo,Software especializado,"Categoría (e.g. limpieza, aseo personal, comestibles, lácteos, etc.)",Semanalmente,De acuerdo,En desacuerdo,Ni de acuerdo ni en desacuerdo,Totalmente en desacuerdo,En desacuerdo,De acuerdo,En desacuerdo,De acuerdo,Totalmente en desacuerdo,Totalmente de acuerdo
9,Totalmente en desacuerdo,Totalmente en desacuerdo,Ni de acuerdo ni en desacuerdo,Totalmente de acuerdo,Totalmente en desacuerdo,Totalmente en desacuerdo,Totalmente de acuerdo,Software especializado,"Categoría (e.g. limpieza, aseo personal, comestibles, lácteos, etc.)",Diariamente,De acuerdo,En desacuerdo,Ni de acuerdo ni en desacuerdo,Totalmente en desacuerdo,En desacuerdo,De acuerdo,En desacuerdo,De acuerdo,Totalmente en desacuerdo,Totalmente de acuerdo
10,Totalmente en desacuerdo,Totalmente en desacuerdo,Ni de acuerdo ni en desacuerdo,Totalmente de acuerdo,Totalmente en desacuerdo,Totalmente en desacuerdo,Totalmente de acuerdo,Software especializado,"Refrigeración,Tamaño",Diariamente,De acuerdo,En desacuerdo,Ni de acuerdo ni en desacuerdo,Totalmente en desacuerdo,En desacuerdo,De acuerdo,En desacuerdo,De acuerdo,Totalmente en desacuerdo,Totalmente de acuerdo
11,Ni de acuerdo ni en desacuerdo,Totalmente en desacuerdo,Totalmente en desacuerdo,Totalmente en desacuerdo,Totalmente en desacuerdo,Totalmente en desacuerdo,Totalmente de acuerdo,Aplicación móvil,Frecuencia de venta,Quincenalmente,Totalmente de acuerdo,Totalmente de acuerdo,Totalmente de acuerdo,Totalmente de acuerdo,Totalmente de acuerdo,De acuerdo,De acuerdo,De acuerdo,De acuerdo,De acuerdo
12,Totalmente en desacuerdo,Totalmente en desacuerdo,Totalmente en desacuerdo,Totalmente en desacuerdo,Algo de acuerdo,Totalmente en desacuerdo,Totalmente de acuerdo,Ninguna,Frecuencia de venta,Quincenalmente,De acuerdo,De acuerdo,Totalmente de acuerdo,Totalmente en desacuerdo,Totalmente de acuerdo,Totalmente de acuerdo,De acuerdo,De acuerdo,Totalmente en desacuerdo,Totalmente de acuerdo
13,Totalmente en desacuerdo,Totalmente en desacuerdo,Algo de acuerdo,Totalmente de acuerdo,Totalmente en desacuerdo,Totalmente en desacuerdo,Totalmente en desacuerdo,Ninguna,Precio,Nunca,De acuerdo,Totalmente de acuerdo,De acuerdo,Totalmente en desacuerdo,Totalmente de acuerdo,Totalmente de acuerdo,De acuerdo,En desacuerdo,De acuerdo,Totalmente de acuerdo
14,Ni de acuerdo ni en desacuerdo,Totalmente en desacuerdo,Totalmente en desacuerdo,Totalmente en desacuerdo,Totalmente en desacuerdo,Totalmente en desacuerdo,Totalmente en desacuerdo,Ninguna,Refrigeración,Diariamente,De acuerdo,De acuerdo,De acuerdo,Totalmente en desacuerdo,De acuerdo,De acuerdo,De acuerdo,De acuerdo,De acuerdo,De acuerdo
15,Totalmente en desacuerdo,Totalmente en desacuerdo,Algo de acuerdo,Totalmente de acuerdo,Algo de acuerdo,Totalmente en desacuerdo,Totalmente en desacuerdo,Ninguna,Frecuencia de venta,Semanalmente,Totalmente de acuerdo,Totalmente de acuerdo,Totalmente de acuerdo,En desacuerdo,De acuerdo,En desacuerdo,Totalmente en desacuerdo,Totalmente en desacuerdo,De acuerdo,Totalmente de acuerdo
16,Totalmente en desacuerdo,Totalmente en desacuerdo,Algo de acuerdo,Ni de acuerdo ni en desacuerdo,Totalmente de acuerdo,Totalmente de acuerdo,Totalmente en desacuerdo,Software especializado,"Frecuencia de venta,Tamaño",Semanalmente,Totalmente de acuerdo,Totalmente de acuerdo,Totalmente de acuerdo,Totalmente de acuerdo,Ni de acuerdo ni en desacuerdo,Totalmente de acuerdo,De acuerdo,Totalmente de acuerdo,Totalmente de acuerdo,Totalmente de acuerdo
17,Totalmente en desacuerdo,Totalmente en desacuerdo,Totalmente en desacuerdo,Totalmente en desacuerdo,Algo de acuerdo,Totalmente en desacuerdo,Totalmente en desacuerdo,Ninguna,Refrigeración,Diariamente,De acuerdo,En desacuerdo,Totalmente en desacuerdo,Totalmente en desacuerdo,Totalmente en desacuerdo,Totalmente en desacuerdo,Totalmente en desacuerdo,Totalmente en desacuerdo,De acuerdo,De acuerdo
18,Totalmente en desacuerdo,Totalmente en desacuerdo,Totalmente en desacuerdo,Algo de acuerdo,Algo de acuerdo,Totalmente en desacuerdo,Ni de acuerdo ni en desacuerdo,"Aplicación móvil,Cuaderno","Frecuencia de venta,Refrigeración",Diariamente,De acuerdo,De acuerdo,De acuerdo,De acuerdo,Totalmente de acuerdo,De acuerdo,De acuerdo,De acuerdo,De acuerdo,De acuerdo
19,Totalmente en desacuerdo,Totalmente en desacuerdo,Totalmente en desacuerdo,Algo de acuerdo,Algo de acuerdo,Totalmente en desacuerdo,Ni de acuerdo ni en desacuerdo,"Aplicación móvil,Cuaderno",Frecuencia de venta,Diariamente,De acuerdo,Totalmente de acuerdo,De acuerdo,Ni de acuerdo ni en desacuerdo,Ni de acuerdo ni en desacuerdo,De acuerdo,Ni de acuerdo ni en desacuerdo,De acuerdo,Totalmente en desacuerdo,De acuerdo
20,Algo de acuerdo,Totalmente en desacuerdo,Totalmente en desacuerdo,Algo de acuerdo,Totalmente en desacuerdo,Totalmente en desacuerdo,Totalmente en desacuerdo,"Aplicación móvil,Cuaderno","Categoría (e.g. limpieza, aseo personal, comestibles, lácteos, etc.),Frecuencia de venta,Margen de utilidad,Precio,Refrigeración,Tamaño",Semanalmente,Totalmente de acuerdo,Totalmente de acuerdo,De acuerdo,Totalmente en desacuerdo,Totalmente de acuerdo,De acuerdo,De acuerdo,En desacuerdo,Totalmente en desacuerdo,De acuerdo
21,Totalmente en desacuerdo,Totalmente en desacuerdo,Totalmente en desacuerdo,Totalmente en desacuerdo,Totalmente en desacuerdo,Ni de acuerdo ni en desacuerdo,Totalmente en desacuerdo,"Cuaderno,Excel","Refrigeración,Tamaño",Semanalmente,De acuerdo,En desacuerdo,Totalmente de acuerdo,En desacuerdo,De acuerdo,Totalmente de acuerdo,Totalmente de acuerdo,De acuerdo,Totalmente en desacuerdo,Totalmente en desacuerdo
22,Totalmente en desacuerdo,Totalmente en desacuerdo,Totalmente en desacuerdo,Totalmente en desacuerdo,Totalmente en desacuerdo,Ni de acuerdo ni en desacuerdo,Totalmente en desacuerdo,"Cuaderno,Excel","Refrigeración,Tamaño",Semanalmente,De acuerdo,En desacuerdo,Totalmente de acuerdo,En desacuerdo,De acuerdo,Totalmente de acuerdo,Totalmente de acuerdo,De acuerdo,Totalmente en desacuerdo,Totalmente en desacuerdo
23,Totalmente en desacuerdo,Totalmente en desacuerdo,Totalmente en desacuerdo,Totalmente en desacuerdo,Totalmente en desacuerdo,Ni de acuerdo ni en desacuerdo,Totalmente en desacuerdo,"Cuaderno,Excel","Refrigeración,Tamaño",Semanalmente,De acuerdo,En desacuerdo,Totalmente de acuerdo,En desacuerdo,De acuerdo,Totalmente de acuerdo,Totalmente de acuerdo,De acuerdo,Totalmente en desacuerdo,Totalmente en desacuerdo
24,Totalmente en desacuerdo,Totalmente en desacuerdo,Totalmente en desacuerdo,Totalmente en desacuerdo,Totalmente en desacuerdo,Ni de acuerdo ni en desacuerdo,Totalmente en desacuerdo,"Cuaderno,Excel","Refrigeración,Tamaño",Semanalmente,De acuerdo,En desacuerdo,Totalmente de acuerdo,En desacuerdo,De acuerdo,Totalmente de acuerdo,Totalmente de acuerdo,De acuerdo,Totalmente en desacuerdo,Totalmente en desacuerdo
25,Totalmente en desacuerdo,Totalmente en desacuerdo,Totalmente en desacuerdo,Totalmente en desacuerdo,Totalmente en desacuerdo,Ni de acuerdo ni en desacuerdo,Totalmente en desacuerdo,"Cuaderno,Excel","Refrigeración,Tamaño",Semanalmente,De acuerdo,En desacuerdo,Totalmente de acuerdo,En desacuerdo,De acuerdo,Totalmente de acuerdo,Totalmente de acuerdo,De acuerdo,Totalmente en desacuerdo,Totalmente en desacuerdo
26,Algo de acuerdo,Totalmente en desacuerdo,Totalmente en desacuerdo,Totalmente en desacuerdo,Totalmente en desacuerdo,Totalmente en desacuerdo,Algo de acuerdo,Cuaderno,Tamaño,Semanalmente,De acuerdo,Totalmente de acuerdo,Totalmente de acuerdo,En desacuerdo,De acuerdo,Totalmente de acuerdo,Totalmente de acuerdo,De acuerdo,Totalmente en desacuerdo,Totalmente en desacuerdo
27,Algo de acuerdo,Totalmente en desacuerdo,Totalmente en desacuerdo,Totalmente en desacuerdo,Totalmente en desacuerdo,Totalmente en desacuerdo,Algo de acuerdo,Cuaderno,Tamaño,Semanalmente,De acuerdo,Totalmente de acuerdo,Totalmente de acuerdo,En desacuerdo,De acuerdo,Totalmente de acuerdo,Totalmente de acuerdo,De acuerdo,Totalmente en desacuerdo,Totalmente en desacuerdo
28,Algo de acuerdo,Totalmente en desacuerdo,Totalmente en desacuerdo,Totalmente en desacuerdo,Totalmente en desacuerdo,Totalmente en desacuerdo,Algo de acuerdo,Cuaderno,Tamaño,Semanalmente,De acuerdo,Totalmente de acuerdo,Totalmente de acuerdo,En desacuerdo,De acuerdo,Totalmente de acuerdo,Totalmente de acuerdo,De acuerdo,Totalmente en desacuerdo,Totalmente en desacuerdo
29,Algo de acuerdo,Totalmente en desacuerdo,Totalmente en desacuerdo,Totalmente en desacuerdo,Totalmente en desacuerdo,Totalmente en desacuerdo,Algo de acuerdo,Cuaderno,Tamaño,Semanalmente,De acuerdo,Totalmente de acuerdo,Totalmente de acuerdo,En desacuerdo,De acuerdo,Totalmente de acuerdo,Totalmente de acuerdo,De acuerdo,Totalmente en desacuerdo,Totalmente en desacuerdo
30,Algo de acuerdo,Totalmente en desacuerdo,Totalmente en desacuerdo,Totalmente en desacuerdo,Totalmente en desacuerdo,Totalmente en desacuerdo,Algo de acuerdo,Cuaderno,Tamaño,Semanalmente,De acuerdo,Totalmente de acuerdo,Totalmente de acuerdo,En desacuerdo,De acuerdo,Totalmente de acuerdo,Totalmente de acuerdo,De acuerdo,Totalmente en desacuerdo,Totalmente en desacuerdo
31,Algo de acuerdo,Totalmente en desacuerdo,Totalmente en desacuerdo,Totalmente en desacuerdo,Totalmente en desacuerdo,Totalmente en desacuerdo,Algo de acuerdo,Cuaderno,Tamaño,Semanalmente,De acuerdo,Totalmente de acuerdo,Totalmente de acuerdo,En desacuerdo,De acuerdo,Totalmente de acuerdo,Totalmente de acuerdo,De acuerdo,Totalmente en desacuerdo,Totalmente en desacuerdo
32,Algo de acuerdo,Totalmente en desacuerdo,Totalmente en desacuerdo,Totalmente en desacuerdo,Totalmente en desacuerdo,Totalmente en desacuerdo,Algo de acuerdo,Cuaderno,Tamaño,Semanalmente,De acuerdo,Totalmente de acuerdo,Totalmente de acuerdo,En desacuerdo,De acuerdo,Totalmente de acuerdo,Totalmente de acuerdo,De acuerdo,Totalmente en desacuerdo,Totalmente en desacuerdo
33,Algo de acuerdo,Totalmente en desacuerdo,Totalmente en desacuerdo,Totalmente en desacuerdo,Totalmente en desacuerdo,Totalmente en desacuerdo,Algo de acuerdo,Cuaderno,Tamaño,Semanalmente,De acuerdo,Totalmente de acuerdo,Totalmente de acuerdo,En desacuerdo,De acuerdo,Totalmente de acuerdo,Totalmente de acuerdo,De acuerdo,Totalmente en desacuerdo,Totalmente en desacuerdo
34,Algo de acuerdo,Totalmente en desacuerdo,Totalmente en desacuerdo,Totalmente en desacuerdo,Totalmente en desacuerdo,Totalmente en desacuerdo,Algo de acuerdo,Cuaderno,Tamaño,Semanalmente,De acuerdo,Totalmente de acuerdo,Totalmente de acuerdo,En desacuerdo,De acuerdo,Totalmente de acuerdo,Totalmente de acuerdo,De acuerdo,Totalmente en desacuerdo,Totalmente en desacuerdo
35,Totalmente en desacuerdo,Ni de acuerdo ni en desacuerdo,Algo en desacuerdo,Ni de acuerdo ni en desacuerdo,Ni de acuerdo ni en desacuerdo,Ni de acuerdo ni en desacuerdo,Algo de acuerdo,Cuaderno,Margen de utilidad,Nunca,Totalmente en desacuerdo,Totalmente en desacuerdo,Totalmente en desacuerdo,Totalmente en desacuerdo,Totalmente en desacuerdo,Totalmente en desacuerdo,Totalmente en desacuerdo,Totalmente en desacuerdo,Totalmente en desacuerdo,Totalmente en desacuerdo
36,Totalmente en desacuerdo,Ni de acuerdo ni en desacuerdo,Algo en desacuerdo,Ni de acuerdo ni en desacuerdo,Ni de acuerdo ni en desacuerdo,Ni de acuerdo ni en desacuerdo,Algo de acuerdo,Cuaderno,Frecuencia de venta,Semanalmente,Ni de acuerdo ni en desacuerdo,Totalmente de acuerdo,De acuerdo,De acuerdo,Totalmente de acuerdo,De acuerdo,De acuerdo,De acuerdo,De acuerdo,De acuerdo
37,Ni de acuerdo ni en desacuerdo,Ni de acuerdo ni en desacuerdo,Algo de acuerdo,Algo de acuerdo,Ni de acuerdo ni en desacuerdo,Ni de acuerdo ni en desacuerdo,Algo de acuerdo,Ninguna,Frecuencia de venta,Diariamente,Totalmente de acuerdo,De acuerdo,De acuerdo,Ni de acuerdo ni en desacuerdo,De acuerdo,Totalmente de acuerdo,De acuerdo,De acuerdo,Ni de acuerdo ni en desacuerdo,De acuerdo
38,Algo en desacuerdo,Totalmente en desacuerdo,Totalmente en desacuerdo,Algo en desacuerdo,Totalmente en desacuerdo,Totalmente en desacuerdo,Totalmente en desacuerdo,Ninguna,Margen de utilidad,Nunca,Ni de acuerdo ni en desacuerdo,Totalmente de acuerdo,Totalmente de acuerdo,Totalmente en desacuerdo,Totalmente de acuerdo,Totalmente de acuerdo,Totalmente de acuerdo,Ni de acuerdo ni en desacuerdo,En desacuerdo,De acuerdo
39,Totalmente en desacuerdo,Totalmente en desacuerdo,Totalmente en desacuerdo,Algo en desacuerdo,Totalmente en desacuerdo,Totalmente en desacuerdo,Totalmente en desacuerdo,Ninguna,Margen de utilidad,Nunca,Ni de acuerdo ni en desacuerdo,De acuerdo,De acuerdo,Totalmente en desacuerdo,Ni de acuerdo ni en desacuerdo,Ni de acuerdo ni en desacuerdo,Ni de acuerdo ni en desacuerdo,Ni de acuerdo ni en desacuerdo,En desacuerdo,De acuerdo
40,Algo de acuerdo,Algo en desacuerdo,Algo de acuerdo,Totalmente en desacuerdo,Algo en desacuerdo,Algo de acuerdo,Algo de acuerdo,Cuaderno,Margen de utilidad,Semanalmente,Totalmente de acuerdo,De acuerdo,De acuerdo,Totalmente en desacuerdo,Totalmente de acuerdo,Totalmente de acuerdo,Totalmente de acuerdo,Totalmente de acuerdo,Totalmente en desacuerdo,Totalmente de acuerdo
41,Totalmente de acuerdo,Algo de acuerdo,Totalmente en desacuerdo,Totalmente de acuerdo,Totalmente de acuerdo,Algo de acuerdo,Totalmente en desacuerdo,Cuaderno,"Categoría (e.g. limpieza, aseo personal, comestibles, lácteos, etc.),Marcas,Refrigeración",Semanalmente,Totalmente de acuerdo,Totalmente de acuerdo,Totalmente de acuerdo,Totalmente en desacuerdo,Totalmente de acuerdo,Totalmente de acuerdo,Totalmente de acuerdo,De acuerdo,Totalmente de acuerdo,Totalmente de acuerdo
42,Totalmente en desacuerdo,Totalmente en desacuerdo,Totalmente de acuerdo,Totalmente de acuerdo,Totalmente de acuerdo,Totalmente en desacuerdo,Totalmente en desacuerdo,Mentalmente,Precio,No se tiene,Totalmente de acuerdo,Totalmente de acuerdo,Totalmente de acuerdo,Totalmente en desacuerdo,Totalmente de acuerdo,Totalmente de acuerdo,Totalmente de acuerdo,Totalmente de acuerdo,Totalmente en desacuerdo,Totalmente de acuerdo
43,Totalmente en desacuerdo,Totalmente en desacuerdo,Totalmente en desacuerdo,Totalmente en desacuerdo,Totalmente en desacuerdo,Totalmente en desacuerdo,Totalmente en desacuerdo,Ninguna,Precio,Diariamente,De acuerdo,De acuerdo,De acuerdo,Totalmente en desacuerdo,En desacuerdo,De acuerdo,Ni de acuerdo ni en desacuerdo,Totalmente en desacuerdo,Totalmente en desacuerdo,De acuerdo
44,Totalmente en desacuerdo,Totalmente en desacuerdo,Totalmente en desacuerdo,Totalmente en desacuerdo,Algo de acuerdo,Totalmente en desacuerdo,Totalmente en desacuerdo,Cuaderno,"Categoría (e.g. limpieza, aseo personal, comestibles, lácteos, etc.)",Semanalmente,Totalmente en desacuerdo,Totalmente en desacuerdo,Totalmente en desacuerdo,Totalmente en desacuerdo,De acuerdo,De acuerdo,Totalmente de acuerdo,Totalmente en desacuerdo,Totalmente en desacuerdo,Totalmente en desacuerdo
45,Totalmente en desacuerdo,Totalmente en desacuerdo,Totalmente en desacuerdo,Totalmente en desacuerdo,Algo de acuerdo,Totalmente en desacuerdo,Totalmente en desacuerdo,Software especializado,Frecuencia de venta,Diariamente,Totalmente de acuerdo,Totalmente de acuerdo,De acuerdo,Totalmente en desacuerdo,Totalmente de acuerdo,Totalmente en desacuerdo,Totalmente de acuerdo,Totalmente en desacuerdo,Totalmente en desacuerdo,Totalmente en desacuerdo
46,Totalmente en desacuerdo,Totalmente en desacuerdo,Totalmente en desacuerdo,Algo de acuerdo,Totalmente de acuerdo,Totalmente en desacuerdo,Totalmente en desacuerdo,Cuaderno,Frecuencia de venta,Semanalmente,Totalmente en desacuerdo,De acuerdo,De acuerdo,Totalmente de acuerdo,Totalmente de acuerdo,Totalmente de acuerdo,Totalmente en desacuerdo,De acuerdo,Totalmente en desacuerdo,Totalmente de acuerdo
47,Totalmente en desacuerdo,Totalmente en desacuerdo,Totalmente en desacuerdo,Algo de acuerdo,Totalmente de acuerdo,Totalmente en desacuerdo,Totalmente en desacuerdo,Cuaderno,Frecuencia de venta,Semanalmente,Totalmente en desacuerdo,De acuerdo,De acuerdo,Totalmente de acuerdo,Totalmente de acuerdo,Totalmente de acuerdo,Totalmente en desacuerdo,De acuerdo,Totalmente en desacuerdo,Totalmente de acuerdo
48,Totalmente en desacuerdo,Totalmente en desacuerdo,Ni de acuerdo ni en desacuerdo,Algo en desacuerdo,Ni de acuerdo ni en desacuerdo,Totalmente en desacuerdo,Totalmente en desacuerdo,Cuaderno,"Frecuencia de venta,Refrigeración",Diariamente,Totalmente de acuerdo,Totalmente de acuerdo,Totalmente de acuerdo,Totalmente en desacuerdo,Totalmente de acuerdo,Totalmente de acuerdo,Totalmente de acuerdo,Totalmente de acuerdo,Totalmente en desacuerdo,Totalmente de acuerdo
49,Totalmente en desacuerdo,Totalmente de acuerdo,Totalmente de acuerdo,Totalmente de acuerdo,Totalmente en desacuerdo,Totalmente en desacuerdo,Algo de acuerdo,Cuaderno,"Categoría (e.g. limpieza, aseo personal, comestibles, lácteos, etc.)",Semanalmente,Totalmente de acuerdo,Totalmente de acuerdo,Totalmente de acuerdo,De acuerdo,Totalmente de acuerdo,De acuerdo,De acuerdo,De acuerdo,Totalmente de acuerdo,De acuerdo
50,Totalmente en desacuerdo,Totalmente de acuerdo,Totalmente de acuerdo,Totalmente de acuerdo,Totalmente en desacuerdo,Totalmente en desacuerdo,Algo de acuerdo,Cuaderno,"Categoría (e.g. limpieza, aseo personal, comestibles, lácteos, etc.)",Semanalmente,Totalmente de acuerdo,Totalmente de acuerdo,Totalmente de acuerdo,De acuerdo,Totalmente de acuerdo,De acuerdo,De acuerdo,De acuerdo,Totalmente de acuerdo,De acuerdo
51,Totalmente en desacuerdo,Totalmente en desacuerdo,Totalmente en desacuerdo,Totalmente en desacuerdo,Totalmente en desacuerdo,Totalmente en desacuerdo,Algo de acuerdo,"Aplicación móvil,Cuaderno",Margen de utilidad,Diariamente,Totalmente en desacuerdo,Totalmente en desacuerdo,Totalmente en desacuerdo,De acuerdo,Totalmente en desacuerdo,Totalmente en desacuerdo,De acuerdo,De acuerdo,De acuerdo,De acuerdo
52,Totalmente en desacuerdo,Totalmente en desacuerdo,Algo en desacuerdo,Algo de acuerdo,Algo en desacuerdo,Algo en desacuerdo,Algo en desacuerdo,Cuaderno,Tamaño,Semanalmente,De acuerdo,De acuerdo,Ni de acuerdo ni en desacuerdo,Ni de acuerdo ni en desacuerdo,Ni de acuerdo ni en desacuerdo,Ni de acuerdo ni en desacuerdo,Ni de acuerdo ni en desacuerdo,Ni de acuerdo ni en desacuerdo,Ni de acuerdo ni en desacuerdo,Ni de acuerdo ni en desacuerdo
53,Totalmente en desacuerdo,Totalmente en desacuerdo,Algo en desacuerdo,Algo de acuerdo,Algo en desacuerdo,Algo en desacuerdo,Algo en desacuerdo,Cuaderno,Tamaño,Semanalmente,De acuerdo,De acuerdo,Ni de acuerdo ni en desacuerdo,Ni de acuerdo ni en desacuerdo,Ni de acuerdo ni en desacuerdo,Ni de acuerdo ni en desacuerdo,Ni de acuerdo ni en desacuerdo,Ni de acuerdo ni en desacuerdo,Ni de acuerdo ni en desacuerdo,Ni de acuerdo ni en desacuerdo
54,Algo en desacuerdo,Algo en desacuerdo,Algo en desacuerdo,Algo en desacuerdo,Algo en desacuerdo,Algo en desacuerdo,Algo en desacuerdo,Cuaderno,Frecuencia de venta,Semanalmente,Ni de acuerdo ni en desacuerdo,Ni de acuerdo ni en desacuerdo,Ni de acuerdo ni en desacuerdo,Ni de acuerdo ni en desacuerdo,Ni de acuerdo ni en desacuerdo,Ni de acuerdo ni en desacuerdo,Ni de acuerdo ni en desacuerdo,Ni de acuerdo ni en desacuerdo,Ni de acuerdo ni en desacuerdo,Ni de acuerdo ni en desacuerdo
55,Algo en desacuerdo,Algo en desacuerdo,Algo en desacuerdo,Algo en desacuerdo,Algo en desacuerdo,Algo en desacuerdo,Algo en desacuerdo,Cuaderno,Frecuencia de venta,Semanalmente,Ni de acuerdo ni en desacuerdo,Ni de acuerdo ni en desacuerdo,Ni de acuerdo ni en desacuerdo,Ni de acuerdo ni en desacuerdo,Ni de acuerdo ni en desacuerdo,Ni de acuerdo ni en desacuerdo,Ni de acuerdo ni en desacuerdo,Ni de acuerdo ni en desacuerdo,Ni de acuerdo ni en desacuerdo,Ni de acuerdo ni en desacuerdo
56,Algo en desacuerdo,Algo en desacuerdo,Algo en desacuerdo,Algo en desacuerdo,Algo de acuerdo,Totalmente en desacuerdo,Totalmente en desacuerdo,Cuaderno,Precio,Semanalmente,Totalmente de acuerdo,De acuerdo,De acuerdo,Totalmente en desacuerdo,Totalmente de acuerdo,Totalmente de acuerdo,Totalmente de acuerdo,Totalmente de acuerdo,Totalmente en desacuerdo,Totalmente de acuerdo
57,Algo en desacuerdo,Algo en desacuerdo,Algo en desacuerdo,Algo en desacuerdo,Algo de acuerdo,Totalmente en desacuerdo,Totalmente en desacuerdo,Cuaderno,Precio,Semanalmente,Totalmente de acuerdo,De acuerdo,De acuerdo,Totalmente en desacuerdo,Totalmente de acuerdo,Totalmente de acuerdo,Totalmente de acuerdo,Totalmente de acuerdo,Totalmente en desacuerdo,Totalmente de acuerdo
58,Algo en desacuerdo,Algo en desacuerdo,Algo en desacuerdo,Algo en desacuerdo,Algo de acuerdo,Totalmente en desacuerdo,Totalmente en desacuerdo,Cuaderno,Frecuencia de venta,Semanalmente,Totalmente de acuerdo,De acuerdo,De acuerdo,Totalmente en desacuerdo,Totalmente de acuerdo,Totalmente de acuerdo,Totalmente de acuerdo,Totalmente de acuerdo,Totalmente en desacuerdo,Totalmente de acuerdo
59,Totalmente en desacuerdo,Totalmente en desacuerdo,Totalmente en desacuerdo,Totalmente en desacuerdo,Algo de acuerdo,Totalmente en desacuerdo,Totalmente en desacuerdo,Cuaderno,"Categoría (e.g. limpieza, aseo personal, comestibles, lácteos, etc.)",Semanalmente,Totalmente de acuerdo,Ni de acuerdo ni en desacuerdo,Totalmente de acuerdo,Totalmente en desacuerdo,Totalmente de acuerdo,Totalmente de acuerdo,Totalmente de acuerdo,Totalmente de acuerdo,Totalmente en desacuerdo,Totalmente de acuerdo
60,Totalmente en desacuerdo,Totalmente en desacuerdo,Algo de acuerdo,Algo de acuerdo,Algo de acuerdo,Totalmente en desacuerdo,Totalmente en desacuerdo,Cuaderno,Ninguna ,Semanalmente,Totalmente de acuerdo,Ni de acuerdo ni en desacuerdo,Totalmente de acuerdo,Totalmente en desacuerdo,Totalmente de acuerdo,Totalmente de acuerdo,Totalmente de acuerdo,Totalmente de acuerdo,Totalmente en desacuerdo,Totalmente de acuerdo
61,Algo de acuerdo,Totalmente en desacuerdo,Algo de acuerdo,Totalmente en desacuerdo,Totalmente en desacuerdo,Algo de acuerdo,Totalmente en desacuerdo,Cuaderno,"Categoría (e.g. limpieza, aseo personal, comestibles, lácteos, etc.)",Quincenalmente,Totalmente de acuerdo,Ni de acuerdo ni en desacuerdo,Totalmente de acuerdo,Totalmente en desacuerdo,Totalmente de acuerdo,Totalmente de acuerdo,Totalmente de acuerdo,Totalmente de acuerdo,Totalmente en desacuerdo,Totalmente de acuerdo
62,Algo de acuerdo,Totalmente en desacuerdo,Algo de acuerdo,Totalmente en desacuerdo,Totalmente en desacuerdo,Algo de acuerdo,Totalmente en desacuerdo,Cuaderno,"Categoría (e.g. limpieza, aseo personal, comestibles, lácteos, etc.)",Quincenalmente,Totalmente de acuerdo,Ni de acuerdo ni en desacuerdo,Totalmente de acuerdo,Totalmente en desacuerdo,Totalmente de acuerdo,Totalmente de acuerdo,Totalmente de acuerdo,Totalmente de acuerdo,Totalmente en desacuerdo,Totalmente de acuerdo
63,Algo de acuerdo,Totalmente en desacuerdo,Algo de acuerdo,Totalmente en desacuerdo,Totalmente en desacuerdo,Algo de acuerdo,Totalmente en desacuerdo,Cuaderno,"Categoría (e.g. limpieza, aseo personal, comestibles, lácteos, etc.)",Quincenalmente,Totalmente de acuerdo,Ni de acuerdo ni en desacuerdo,Totalmente de acuerdo,Totalmente en desacuerdo,Totalmente de acuerdo,Totalmente de acuerdo,Totalmente de acuerdo,Totalmente de acuerdo,Totalmente en desacuerdo,Totalmente de acuerdo
64,Totalmente en desacuerdo,Totalmente en desacuerdo,Totalmente en desacuerdo,Totalmente en desacuerdo,Totalmente en desacuerdo,Totalmente en desacuerdo,Totalmente en desacuerdo,Ninguna,"Categoría (e.g. limpieza, aseo personal, comestibles, lácteos, etc.)",Quincenalmente,Totalmente de acuerdo,Ni de acuerdo ni en desacuerdo,Totalmente de acuerdo,Totalmente en desacuerdo,Totalmente de acuerdo,Totalmente de acuerdo,Totalmente de acuerdo,Totalmente de acuerdo,Totalmente en desacuerdo,Totalmente de acuerdo
65,Totalmente en desacuerdo,Totalmente en desacuerdo,Totalmente en desacuerdo,Totalmente en desacuerdo,Totalmente en desacuerdo,Totalmente en desacuerdo,Totalmente en desacuerdo,Ninguna,"Categoría (e.g. limpieza, aseo personal, comestibles, lácteos, etc.)",Quincenalmente,Totalmente de acuerdo,Ni de acuerdo ni en desacuerdo,Totalmente de acuerdo,Totalmente en desacuerdo,Totalmente de acuerdo,Totalmente de acuerdo,Totalmente de acuerdo,Totalmente de acuerdo,Totalmente en desacuerdo,Totalmente de acuerdo
66,Totalmente en desacuerdo,Totalmente en desacuerdo,Totalmente en desacuerdo,Totalmente en desacuerdo,Totalmente en desacuerdo,Totalmente en desacuerdo,Totalmente en desacuerdo,Ninguna,"Categoría (e.g. limpieza, aseo personal, comestibles, lácteos, etc.),Refrigeración",Semanalmente,Totalmente en desacuerdo,Totalmente en desacuerdo,Totalmente en desacuerdo,Totalmente en desacuerdo,Totalmente en desacuerdo,Totalmente en desacuerdo,Totalmente en desacuerdo,Totalmente en desacuerdo,Totalmente en desacuerdo,Totalmente en desacuerdo
67,Totalmente en desacuerdo,Totalmente en desacuerdo,Ni de acuerdo ni en desacuerdo,Ni de acuerdo ni en desacuerdo,Ni de acuerdo ni en desacuerdo,Totalmente en desacuerdo,Totalmente en desacuerdo,Cuaderno,"Categoría (e.g. limpieza, aseo personal, comestibles, lácteos, etc.),Tamaño",Semanalmente,De acuerdo,Ni de acuerdo ni en desacuerdo,En desacuerdo,Ni de acuerdo ni en desacuerdo,Ni de acuerdo ni en desacuerdo,De acuerdo,De acuerdo,De acuerdo,En desacuerdo,De acuerdo
68,Totalmente en desacuerdo,Totalmente en desacuerdo,Totalmente en desacuerdo,Totalmente en desacuerdo,Totalmente en desacuerdo,Totalmente en desacuerdo,Totalmente en desacuerdo,Excel,"Categoría (e.g. limpieza, aseo personal, comestibles, lácteos, etc.)",Semanalmente,Totalmente de acuerdo,Totalmente de acuerdo,Totalmente de acuerdo,Totalmente en desacuerdo,Totalmente en desacuerdo,Totalmente en desacuerdo,Totalmente en desacuerdo,Totalmente en desacuerdo,Totalmente en desacuerdo,Totalmente en desacuerdo
69,Totalmente en desacuerdo,Totalmente en desacuerdo,Totalmente en desacuerdo,Algo de acuerdo,Totalmente en desacuerdo,Totalmente en desacuerdo,Totalmente en desacuerdo,"Cuaderno,Excel,Software especializado","Categoría (e.g. limpieza, aseo personal, comestibles, lácteos, etc.),Refrigeración",Quincenalmente,Totalmente de acuerdo,Totalmente de acuerdo,De acuerdo,En desacuerdo,De acuerdo,De acuerdo,De acuerdo,De acuerdo,De acuerdo,De acuerdo
70,Totalmente en desacuerdo,Totalmente en desacuerdo,Totalmente en desacuerdo,Algo de acuerdo,Totalmente en desacuerdo,Totalmente en desacuerdo,Totalmente en desacuerdo,"Cuaderno,Excel,Software especializado","Categoría (e.g. limpieza, aseo personal, comestibles, lácteos, etc.),Refrigeración",Quincenalmente,Totalmente de acuerdo,Totalmente de acuerdo,De acuerdo,En desacuerdo,De acuerdo,De acuerdo,De acuerdo,De acuerdo,De acuerdo,De acuerdo
71,Algo en desacuerdo,Algo de acuerdo,Algo de acuerdo,Totalmente en desacuerdo,Totalmente de acuerdo,Totalmente en desacuerdo,Totalmente en desacuerdo,Cuaderno,Tamaño,Diariamente,Totalmente de acuerdo,De acuerdo,De acuerdo,En desacuerdo,Totalmente de acuerdo,Totalmente de acuerdo,De acuerdo,De acuerdo,Ni de acuerdo ni en desacuerdo,Totalmente de acuerdo
72,Algo en desacuerdo,Algo de acuerdo,Ni de acuerdo ni en desacuerdo,Totalmente de acuerdo,Totalmente de acuerdo,Totalmente en desacuerdo,Totalmente en desacuerdo,Ninguna,"Categoría (e.g. limpieza, aseo personal, comestibles, lácteos, etc.),Frecuencia de venta,Tamaño",Diariamente,Totalmente de acuerdo,Totalmente de acuerdo,Totalmente de acuerdo,Totalmente de acuerdo,Totalmente de acuerdo,Totalmente de acuerdo,De acuerdo,De acuerdo,Ni de acuerdo ni en desacuerdo,Totalmente de acuerdo
73,Ni de acuerdo ni en desacuerdo,Totalmente en desacuerdo,Algo de acuerdo,Totalmente en desacuerdo,Totalmente de acuerdo,Totalmente en desacuerdo,Totalmente en desacuerdo,Cuaderno,Margen de utilidad,Semanalmente,Totalmente de acuerdo,Totalmente de acuerdo,Totalmente de acuerdo,Totalmente de acuerdo,Totalmente de acuerdo,Totalmente de acuerdo,Totalmente de acuerdo,Totalmente de acuerdo,Ni de acuerdo ni en desacuerdo,Totalmente de acuerdo
74,Algo de acuerdo,Totalmente en desacuerdo,Totalmente en desacuerdo,Totalmente en desacuerdo,Algo de acuerdo,Algo de acuerdo,Totalmente en desacuerdo,Ninguna,Precio,Mensualmente,Totalmente de acuerdo,Totalmente en desacuerdo,Totalmente de acuerdo,Totalmente en desacuerdo,Totalmente de acuerdo,Totalmente de acuerdo,Ni de acuerdo ni en desacuerdo,Ni de acuerdo ni en desacuerdo,Totalmente en desacuerdo,Totalmente de acuerdo
75,Totalmente en desacuerdo,Totalmente en desacuerdo,Totalmente en desacuerdo,Totalmente en desacuerdo,Totalmente en desacuerdo,Totalmente en desacuerdo,Ni de acuerdo ni en desacuerdo,Ninguna,"Categoría (e.g. limpieza, aseo personal, comestibles, lácteos, etc.)",Diariamente,De acuerdo,En desacuerdo,En desacuerdo,Totalmente en desacuerdo,En desacuerdo,Totalmente en desacuerdo,Totalmente en desacuerdo,Totalmente en desacuerdo,Totalmente en desacuerdo,Totalmente en desacuerdo
76,Algo en desacuerdo,Algo de acuerdo,Totalmente de acuerdo,Totalmente de acuerdo,Totalmente de acuerdo,Algo de acuerdo,Totalmente en desacuerdo,catálogo ,"Categoría (e.g. limpieza, aseo personal, comestibles, lácteos, etc.),Frecuencia de venta,Precio",Diariamente,En desacuerdo,Totalmente de acuerdo,Totalmente de acuerdo,Totalmente de acuerdo,Totalmente de acuerdo,Totalmente de acuerdo,Totalmente de acuerdo,Totalmente de acuerdo,Totalmente en desacuerdo,Totalmente de acuerdo
77,Algo de acuerdo,Totalmente en desacuerdo,Algo de acuerdo,Algo de acuerdo,Algo de acuerdo,Totalmente en desacuerdo,Totalmente en desacuerdo,Cuaderno,"Categoría (e.g. limpieza, aseo personal, comestibles, lácteos, etc.),Frecuencia de venta,Refrigeración,Tamaño",Diariamente,Totalmente de acuerdo,Totalmente de acuerdo,Totalmente de acuerdo,De acuerdo,Totalmente de acuerdo,De acuerdo,De acuerdo,De acuerdo,En desacuerdo,Totalmente de acuerdo
78,Totalmente en desacuerdo,Totalmente en desacuerdo,Totalmente en desacuerdo,Totalmente en desacuerdo,Totalmente en desacuerdo,Totalmente en desacuerdo,Totalmente en desacuerdo,Cuaderno,Frecuencia de venta,Mensualmente,Totalmente en desacuerdo,Ni de acuerdo ni en desacuerdo,De acuerdo,Totalmente en desacuerdo,De acuerdo,De acuerdo,De acuerdo,De acuerdo,Totalmente en desacuerdo,De acuerdo
79,Algo de acuerdo,Algo en desacuerdo,Algo en desacuerdo,Totalmente de acuerdo,Algo de acuerdo,Algo de acuerdo,Algo en desacuerdo,Excel,"Categoría (e.g. limpieza, aseo personal, comestibles, lácteos, etc.)",Semanalmente,Totalmente de acuerdo,Totalmente de acuerdo,Totalmente de acuerdo,De acuerdo,Totalmente de acuerdo,De acuerdo,Ni de acuerdo ni en desacuerdo,Ni de acuerdo ni en desacuerdo,De acuerdo,Totalmente de acuerdo
80,Totalmente en desacuerdo,Totalmente en desacuerdo,Totalmente en desacuerdo,Algo de acuerdo,Totalmente en desacuerdo,Totalmente en desacuerdo,Totalmente en desacuerdo,Ninguna,"Categoría (e.g. limpieza, aseo personal, comestibles, lácteos, etc.),Frecuencia de venta,Refrigeración",Diariamente,Totalmente de acuerdo,Totalmente de acuerdo,Totalmente de acuerdo,Totalmente en desacuerdo,Totalmente de acuerdo,De acuerdo,Totalmente en desacuerdo,Totalmente en desacuerdo,Totalmente en desacuerdo,Totalmente en desacuerdo
81,Totalmente en desacuerdo,Totalmente en desacuerdo,Totalmente en desacuerdo,Totalmente en desacuerdo,Totalmente en desacuerdo,Totalmente en desacuerdo,Totalmente en desacuerdo,Ninguna,Frecuencia de venta,Semanalmente,Totalmente de acuerdo,Totalmente de acuerdo,Totalmente de acuerdo,Totalmente de acuerdo,Totalmente de acuerdo,Totalmente de acuerdo,Totalmente de acuerdo,Totalmente de acuerdo,Totalmente de acuerdo,Totalmente de acuerdo
82,Totalmente en desacuerdo,Totalmente en desacuerdo,Totalmente en desacuerdo,Totalmente en desacuerdo,Totalmente en desacuerdo,Totalmente en desacuerdo,Totalmente en desacuerdo,Ninguna,Frecuencia de venta,Semanalmente,Totalmente de acuerdo,Totalmente de acuerdo,Totalmente de acuerdo,Totalmente de acuerdo,Totalmente de acuerdo,Totalmente de acuerdo,Totalmente de acuerdo,Totalmente de acuerdo,Totalmente de acuerdo,Totalmente de acuerdo
83,Totalmente en desacuerdo,Totalmente en desacuerdo,Totalmente en desacuerdo,Totalmente en desacuerdo,Totalmente en desacuerdo,Totalmente en desacuerdo,Totalmente en desacuerdo,Ninguna,Frecuencia de venta,Semanalmente,Totalmente de acuerdo,Totalmente de acuerdo,Totalmente de acuerdo,Totalmente de acuerdo,Totalmente de acuerdo,Totalmente de acuerdo,Totalmente de acuerdo,Totalmente de acuerdo,Totalmente de acuerdo,Totalmente de acuerdo
84,Totalmente de acuerdo,Totalmente de acuerdo,Totalmente de acuerdo,Totalmente de acuerdo,Totalmente de acuerdo,Totalmente en desacuerdo,Totalmente en desacuerdo,Ninguna,Frecuencia de venta,Semanalmente,Totalmente de acuerdo,Totalmente de acuerdo,Totalmente de acuerdo,Totalmente de acuerdo,Totalmente de acuerdo,Totalmente de acuerdo,Totalmente de acuerdo,Totalmente de acuerdo,Totalmente de acuerdo,Totalmente de acuerdo
85,Totalmente de acuerdo,Totalmente de acuerdo,Totalmente de acuerdo,Totalmente de acuerdo,Totalmente de acuerdo,Totalmente en desacuerdo,Totalmente en desacuerdo,Ninguna,Frecuencia de venta,Semanalmente,Totalmente de acuerdo,Totalmente de acuerdo,Totalmente de acuerdo,Totalmente de acuerdo,Totalmente de acuerdo,Totalmente de acuerdo,Totalmente de acuerdo,Totalmente de acuerdo,Totalmente de acuerdo,Totalmente de acuerdo
86,Totalmente de acuerdo,Totalmente de acuerdo,Totalmente de acuerdo,Totalmente de acuerdo,Totalmente de acuerdo,Totalmente en desacuerdo,Totalmente en desacuerdo,Ninguna,Frecuencia de venta,Semanalmente,Totalmente de acuerdo,Totalmente de acuerdo,Totalmente de acuerdo,Totalmente de acuerdo,Totalmente de acuerdo,Totalmente de acuerdo,Totalmente de acuerdo,Totalmente de acuerdo,Totalmente de acuerdo,Totalmente de acuerdo
87,Totalmente en desacuerdo,Totalmente en desacuerdo,Totalmente en desacuerdo,Totalmente en desacuerdo,Totalmente en desacuerdo,Totalmente en desacuerdo,Totalmente en desacuerdo,Ninguna,"Categoría (e.g. limpieza, aseo personal, comestibles, lácteos, etc.)",Nunca,De acuerdo,De acuerdo,De acuerdo,De acuerdo,De acuerdo,De acuerdo,De acuerdo,De acuerdo,Ni de acuerdo ni en desacuerdo,De acuerdo
88,Totalmente en desacuerdo,Totalmente en desacuerdo,Totalmente en desacuerdo,Totalmente en desacuerdo,Totalmente en desacuerdo,Totalmente en desacuerdo,Totalmente en desacuerdo,Ninguna,"Categoría (e.g. limpieza, aseo personal, comestibles, lácteos, etc.)",Nunca,De acuerdo,De acuerdo,De acuerdo,De acuerdo,De acuerdo,De acuerdo,De acuerdo,De acuerdo,Ni de acuerdo ni en desacuerdo,De acuerdo
89,Totalmente en desacuerdo,Totalmente en desacuerdo,Totalmente en desacuerdo,Totalmente en desacuerdo,Totalmente en desacuerdo,Totalmente en desacuerdo,Totalmente en desacuerdo,Ninguna,"Categoría (e.g. limpieza, aseo personal, comestibles, lácteos, etc.)",Nunca,De acuerdo,De acuerdo,De acuerdo,De acuerdo,De acuerdo,De acuerdo,De acuerdo,De acuerdo,Ni de acuerdo ni en desacuerdo,De acuerdo
90,Totalmente en desacuerdo,Totalmente en desacuerdo,Totalmente en desacuerdo,Totalmente en desacuerdo,Totalmente en desacuerdo,Totalmente en desacuerdo,Totalmente en desacuerdo,Ninguna,"Categoría (e.g. limpieza, aseo personal, comestibles, lácteos, etc.)",Nunca,De acuerdo,De acuerdo,De acuerdo,De acuerdo,De acuerdo,De acuerdo,De acuerdo,De acuerdo,Ni de acuerdo ni en desacuerdo,De acuerdo
91,Totalmente en desacuerdo,Totalmente en desacuerdo,Totalmente en desacuerdo,Totalmente en desacuerdo,Totalmente en desacuerdo,Totalmente en desacuerdo,Totalmente en desacuerdo,Ninguna,"Categoría (e.g. limpieza, aseo personal, comestibles, lácteos, etc.)",Nunca,De acuerdo,De acuerdo,De acuerdo,De acuerdo,De acuerdo,De acuerdo,De acuerdo,De acuerdo,Ni de acuerdo ni en desacuerdo,De acuerdo
92,Totalmente en desacuerdo,Totalmente en desacuerdo,Totalmente en desacuerdo,Totalmente en desacuerdo,Totalmente en desacuerdo,Totalmente en desacuerdo,Totalmente en desacuerdo,Ninguna,"Categoría (e.g. limpieza, aseo personal, comestibles, lácteos, etc.)",Nunca,De acuerdo,De acuerdo,De acuerdo,De acuerdo,De acuerdo,De acuerdo,De acuerdo,De acuerdo,Ni de acuerdo ni en desacuerdo,De acuerdo
93,Totalmente en desacuerdo,Totalmente en desacuerdo,Totalmente en desacuerdo,Totalmente en desacuerdo,Totalmente en desacuerdo,Totalmente en desacuerdo,Totalmente en desacuerdo,Ninguna,"Categoría (e.g. limpieza, aseo personal, comestibles, lácteos, etc.)",Nunca,De acuerdo,De acuerdo,De acuerdo,De acuerdo,De acuerdo,De acuerdo,De acuerdo,De acuerdo,Ni de acuerdo ni en desacuerdo,De acuerdo
94,Totalmente en desacuerdo,Algo en desacuerdo,Ni de acuerdo ni en desacuerdo,Algo de acuerdo,Algo en desacuerdo,Totalmente en desacuerdo,Totalmente en desacuerdo,Ninguna,"Categoría (e.g. limpieza, aseo personal, comestibles, lácteos, etc.)",Semanalmente,Totalmente en desacuerdo,Totalmente en desacuerdo,Totalmente en desacuerdo,Totalmente en desacuerdo,Ni de acuerdo ni en desacuerdo,En desacuerdo,En desacuerdo,Totalmente en desacuerdo,Totalmente en desacuerdo,Totalmente en desacuerdo
95,Totalmente en desacuerdo,Totalmente en desacuerdo,Totalmente en desacuerdo,Totalmente en desacuerdo,Totalmente en desacuerdo,Totalmente en desacuerdo,Totalmente en desacuerdo,Cuaderno,"Categoría (e.g. limpieza, aseo personal, comestibles, lácteos, etc.)",Nunca,Totalmente en desacuerdo,De acuerdo,De acuerdo,En desacuerdo,De acuerdo,De acuerdo,De acuerdo,En desacuerdo,En desacuerdo,De acuerdo
96,Totalmente en desacuerdo,Totalmente en desacuerdo,Totalmente en desacuerdo,Totalmente en desacuerdo,Totalmente en desacuerdo,Totalmente en desacuerdo,Totalmente en desacuerdo,Cuaderno,"Categoría (e.g. limpieza, aseo personal, comestibles, lácteos, etc.)",Nunca,Totalmente en desacuerdo,De acuerdo,De acuerdo,En desacuerdo,De acuerdo,De acuerdo,De acuerdo,En desacuerdo,En desacuerdo,De acuerdo
97,Totalmente en desacuerdo,Algo de acuerdo,Algo de acuerdo,Totalmente en desacuerdo,Totalmente en desacuerdo,Totalmente en desacuerdo,Ni de acuerdo ni en desacuerdo,Cuaderno,"Categoría (e.g. limpieza, aseo personal, comestibles, lácteos, etc.)",Semanalmente,Totalmente de acuerdo,Totalmente de acuerdo,Totalmente de acuerdo,Ni de acuerdo ni en desacuerdo,De acuerdo,Totalmente de acuerdo,Totalmente de acuerdo,Ni de acuerdo ni en desacuerdo,En desacuerdo,Totalmente de acuerdo
98,Totalmente en desacuerdo,Algo de acuerdo,Algo de acuerdo,Totalmente en desacuerdo,Totalmente en desacuerdo,Totalmente en desacuerdo,Ni de acuerdo ni en desacuerdo,Cuaderno,"Categoría (e.g. limpieza, aseo personal, comestibles, lácteos, etc.)",Semanalmente,Totalmente de acuerdo,Totalmente de acuerdo,Totalmente de acuerdo,Ni de acuerdo ni en desacuerdo,De acuerdo,Totalmente de acuerdo,Totalmente de acuerdo,Ni de acuerdo ni en desacuerdo,En desacuerdo,Totalmente de acuerdo
99,Totalmente en desacuerdo,Algo de acuerdo,Algo de acuerdo,Totalmente en desacuerdo,Totalmente en desacuerdo,Totalmente en desacuerdo,Ni de acuerdo ni en desacuerdo,Cuaderno,"Categoría (e.g. limpieza, aseo personal, comestibles, lácteos, etc.)",Semanalmente,Totalmente de acuerdo,Totalmente de acuerdo,Totalmente de acuerdo,Ni de acuerdo ni en desacuerdo,De acuerdo,Totalmente de acuerdo,Totalmente de acuerdo,Ni de acuerdo ni en desacuerdo,En desacuerdo,Totalmente de acuerdo
100,Totalmente en desacuerdo,Algo de acuerdo,Algo de acuerdo,Totalmente en desacuerdo,Totalmente en desacuerdo,Totalmente en desacuerdo,Ni de acuerdo ni en desacuerdo,Cuaderno,"Categoría (e.g. limpieza, aseo personal, comestibles, lácteos, etc.)",Semanalmente,Totalmente de acuerdo,Totalmente de acuerdo,Totalmente de acuerdo,Ni de acuerdo ni en desacuerdo,De acuerdo,Totalmente de acuerdo,Totalmente de acuerdo,Ni de acuerdo ni en desacuerdo,En desacuerdo,Totalmente de acuerdo
101,Totalmente en desacuerdo,Algo de acuerdo,Algo de acuerdo,Totalmente en desacuerdo,Totalmente en desacuerdo,Totalmente en desacuerdo,Ni de acuerdo ni en desacuerdo,Cuaderno,"Categoría (e.g. limpieza, aseo personal, comestibles, lácteos, etc.)",Semanalmente,Totalmente de acuerdo,Totalmente de acuerdo,Totalmente de acuerdo,Ni de acuerdo ni en desacuerdo,De acuerdo,Totalmente de acuerdo,Totalmente de acuerdo,Ni de acuerdo ni en desacuerdo,En desacuerdo,Totalmente de acuerdo
102,Totalmente en desacuerdo,Algo de acuerdo,Algo de acuerdo,Totalmente en desacuerdo,Totalmente en desacuerdo,Totalmente en desacuerdo,Ni de acuerdo ni en desacuerdo,Cuaderno,"Categoría (e.g. limpieza, aseo personal, comestibles, lácteos, etc.)",Semanalmente,Totalmente de acuerdo,Totalmente de acuerdo,Totalmente de acuerdo,Ni de acuerdo ni en desacuerdo,De acuerdo,Totalmente de acuerdo,Totalmente de acuerdo,Ni de acuerdo ni en desacuerdo,En desacuerdo,Totalmente de acuerdo
103,Totalmente en desacuerdo,Algo de acuerdo,Algo de acuerdo,Totalmente en desacuerdo,Totalmente en desacuerdo,Totalmente en desacuerdo,Ni de acuerdo ni en desacuerdo,Cuaderno,"Categoría (e.g. limpieza, aseo personal, comestibles, lácteos, etc.)",Semanalmente,Totalmente de acuerdo,Totalmente de acuerdo,Totalmente de acuerdo,Ni de acuerdo ni en desacuerdo,De acuerdo,Totalmente de acuerdo,Totalmente de acuerdo,Ni de acuerdo ni en desacuerdo,En desacuerdo,Totalmente de acuerdo
104,Totalmente en desacuerdo,Algo de acuerdo,Algo de acuerdo,Totalmente en desacuerdo,Totalmente en desacuerdo,Totalmente en desacuerdo,Ni de acuerdo ni en desacuerdo,Cuaderno,"Categoría (e.g. limpieza, aseo personal, comestibles, lácteos, etc.)",Semanalmente,Totalmente de acuerdo,Totalmente de acuerdo,Totalmente de acuerdo,Ni de acuerdo ni en desacuerdo,De acuerdo,Totalmente de acuerdo,Totalmente de acuerdo,Ni de acuerdo ni en desacuerdo,En desacuerdo,Totalmente de acuerdo
105,Totalmente en desacuerdo,Algo de acuerdo,Algo de acuerdo,Totalmente en desacuerdo,Totalmente en desacuerdo,Totalmente en desacuerdo,Ni de acuerdo ni en desacuerdo,Cuaderno,"Categoría (e.g. limpieza, aseo personal, comestibles, lácteos, etc.)",Semanalmente,Totalmente de acuerdo,Totalmente de acuerdo,Totalmente de acuerdo,Ni de acuerdo ni en desacuerdo,De acuerdo,Totalmente de acuerdo,Totalmente de acuerdo,Ni de acuerdo ni en desacuerdo,En desacuerdo,Totalmente de acuerdo
106,Algo en desacuerdo,Totalmente en desacuerdo,Totalmente en desacuerdo,Totalmente en desacuerdo,Totalmente en desacuerdo,Totalmente en desacuerdo,Ni de acuerdo ni en desacuerdo,Cuaderno,"Categoría (e.g. limpieza, aseo personal, comestibles, lácteos, etc.)",Semanalmente,Totalmente de acuerdo,Totalmente de acuerdo,Totalmente de acuerdo,Ni de acuerdo ni en desacuerdo,De acuerdo,Totalmente de acuerdo,Totalmente de acuerdo,Ni de acuerdo ni en desacuerdo,En desacuerdo,Totalmente de acuerdo
107,Totalmente en desacuerdo,Totalmente en desacuerdo,Totalmente en desacuerdo,Totalmente en desacuerdo,Totalmente en desacuerdo,Totalmente en desacuerdo,Totalmente en desacuerdo,Compra directa,"Categoría (e.g. limpieza, aseo personal, comestibles, lácteos, etc.)",Quincenalmente,Totalmente de acuerdo,Totalmente de acuerdo,Totalmente de acuerdo,Ni de acuerdo ni en desacuerdo,Totalmente de acuerdo,Totalmente de acuerdo,Totalmente de acuerdo,De acuerdo,Totalmente de acuerdo,Totalmente de acuerdo
108,Totalmente en desacuerdo,Totalmente en desacuerdo,Totalmente en desacuerdo,Algo de acuerdo,Algo de acuerdo,Totalmente en desacuerdo,Totalmente en desacuerdo,Cuaderno,"Categoría (e.g. limpieza, aseo personal, comestibles, lácteos, etc.)",Diariamente,Totalmente de acuerdo,Ni de acuerdo ni en desacuerdo,Ni de acuerdo ni en desacuerdo,Totalmente en desacuerdo,Totalmente en desacuerdo,Totalmente en desacuerdo,Totalmente en desacuerdo,Totalmente en desacuerdo,Totalmente en desacuerdo,Totalmente en desacuerdo
109,Totalmente en desacuerdo,Totalmente en desacuerdo,Totalmente en desacuerdo,Totalmente en desacuerdo,Totalmente en desacuerdo,Totalmente en desacuerdo,Totalmente en desacuerdo,Ninguna,Margen de utilidad,Diariamente,Totalmente de acuerdo,De acuerdo,De acuerdo,De acuerdo,De acuerdo,De acuerdo,De acuerdo,De acuerdo,De acuerdo,De acuerdo
110,Totalmente en desacuerdo,Totalmente en desacuerdo,Totalmente en desacuerdo,Totalmente en desacuerdo,Totalmente en desacuerdo,Totalmente en desacuerdo,Totalmente en desacuerdo,Ninguna,Margen de utilidad,Diariamente,Totalmente de acuerdo,De acuerdo,De acuerdo,De acuerdo,De acuerdo,De acuerdo,De acuerdo,De acuerdo,De acuerdo,De acuerdo
111,Totalmente en desacuerdo,Totalmente en desacuerdo,Totalmente en desacuerdo,Totalmente en desacuerdo,Totalmente en desacuerdo,Totalmente en desacuerdo,Totalmente en desacuerdo,Ninguna,Margen de utilidad,Diariamente,Totalmente de acuerdo,De acuerdo,De acuerdo,De acuerdo,De acuerdo,De acuerdo,De acuerdo,De acuerdo,De acuerdo,De acuerdo
112,Totalmente en desacuerdo,Totalmente en desacuerdo,Totalmente en desacuerdo,Totalmente en desacuerdo,Totalmente en desacuerdo,Totalmente en desacuerdo,Totalmente en desacuerdo,Ninguna,Margen de utilidad,Diariamente,Totalmente de acuerdo,De acuerdo,De acuerdo,De acuerdo,De acuerdo,De acuerdo,De acuerdo,De acuerdo,De acuerdo,De acuerdo
113,Totalmente en desacuerdo,Totalmente en desacuerdo,Totalmente en desacuerdo,Totalmente en desacuerdo,Totalmente en desacuerdo,Totalmente en desacuerdo,Totalmente en desacuerdo,Ninguna,Margen de utilidad,Diariamente,Totalmente de acuerdo,De acuerdo,De acuerdo,De acuerdo,De acuerdo,De acuerdo,De acuerdo,De acuerdo,De acuerdo,De acuerdo
114,Totalmente en desacuerdo,Totalmente en desacuerdo,Totalmente en desacuerdo,Totalmente en desacuerdo,Totalmente en desacuerdo,Totalmente en desacuerdo,Totalmente en desacuerdo,Ninguna,Tamaño,Diariamente,Totalmente de acuerdo,De acuerdo,Totalmente de acuerdo,Totalmente de acuerdo,Totalmente de acuerdo,Totalmente de acuerdo,Totalmente de acuerdo,Totalmente de acuerdo,Totalmente de acuerdo,Totalmente de acuerdo
115,Totalmente en desacuerdo,Totalmente en desacuerdo,Totalmente en desacuerdo,Totalmente en desacuerdo,Totalmente en desacuerdo,Totalmente en desacuerdo,Totalmente en desacuerdo,Ninguna,Tamaño,Diariamente,Totalmente de acuerdo,De acuerdo,Totalmente de acuerdo,Totalmente de acuerdo,Totalmente de acuerdo,Totalmente de acuerdo,Totalmente de acuerdo,Totalmente de acuerdo,Totalmente de acuerdo,Totalmente de acuerdo
116,Totalmente en desacuerdo,Totalmente en desacuerdo,Totalmente en desacuerdo,Totalmente en desacuerdo,Totalmente en desacuerdo,Totalmente en desacuerdo,Totalmente en desacuerdo,Ninguna,Tamaño,Diariamente,Totalmente de acuerdo,De acuerdo,Totalmente de acuerdo,Totalmente de acuerdo,Totalmente de acuerdo,Totalmente de acuerdo,Totalmente de acuerdo,Totalmente de acuerdo,Totalmente de acuerdo,Totalmente de acuerdo
117,Totalmente en desacuerdo,Totalmente en desacuerdo,Totalmente en desacuerdo,Totalmente en desacuerdo,Totalmente en desacuerdo,Totalmente en desacuerdo,Totalmente en desacuerdo,Ninguna,Tamaño,Diariamente,Totalmente de acuerdo,De acuerdo,Totalmente de acuerdo,Totalmente de acuerdo,Totalmente de acuerdo,Totalmente de acuerdo,Totalmente de acuerdo,Totalmente de acuerdo,Totalmente de acuerdo,Totalmente de acuerdo
118,Totalmente en desacuerdo,Totalmente en desacuerdo,Totalmente en desacuerdo,Totalmente en desacuerdo,Totalmente en desacuerdo,Totalmente en desacuerdo,Totalmente en desacuerdo,Ninguna,Margen de utilidad,Diariamente,Totalmente de acuerdo,De acuerdo,Totalmente de acuerdo,Totalmente de acuerdo,Totalmente de acuerdo,Totalmente de acuerdo,Totalmente de acuerdo,Totalmente de acuerdo,Totalmente de acuerdo,Totalmente de acuerdo
119,Algo de acuerdo,Totalmente en desacuerdo,Totalmente en desacuerdo,Totalmente en desacuerdo,Totalmente en desacuerdo,Totalmente en desacuerdo,Totalmente en desacuerdo,Ninguna,"Frecuencia de venta,Margen de utilidad",Diariamente,Totalmente de acuerdo,Totalmente de acuerdo,Totalmente de acuerdo,Totalmente de acuerdo,Totalmente de acuerdo,Totalmente de acuerdo,Totalmente de acuerdo,Totalmente de acuerdo,Totalmente de acuerdo,Totalmente de acuerdo
120,Totalmente en desacuerdo,Algo en desacuerdo,Algo en desacuerdo,Algo en desacuerdo,Algo en desacuerdo,Algo en desacuerdo,Algo en desacuerdo,Ninguna,Frecuencia de venta,Semanalmente,Totalmente de acuerdo,De acuerdo,De acuerdo,De acuerdo,De acuerdo,De acuerdo,De acuerdo,De acuerdo,De acuerdo,De acuerdo
121,Totalmente en desacuerdo,Algo en desacuerdo,Algo en desacuerdo,Algo en desacuerdo,Algo en desacuerdo,Algo en desacuerdo,Algo en desacuerdo,Ninguna,Frecuencia de venta,Semanalmente,Totalmente de acuerdo,De acuerdo,De acuerdo,De acuerdo,De acuerdo,De acuerdo,De acuerdo,De acuerdo,De acuerdo,De acuerdo
122,Totalmente en desacuerdo,Algo en desacuerdo,Algo en desacuerdo,Algo en desacuerdo,Algo en desacuerdo,Algo en desacuerdo,Algo en desacuerdo,Ninguna,Frecuencia de venta,Semanalmente,Totalmente de acuerdo,De acuerdo,De acuerdo,De acuerdo,De acuerdo,De acuerdo,De acuerdo,De acuerdo,De acuerdo,De acuerdo
123,Algo de acuerdo,Totalmente en desacuerdo,Ni de acuerdo ni en desacuerdo,Totalmente de acuerdo,Totalmente de acuerdo,Totalmente en desacuerdo,Ni de acuerdo ni en desacuerdo,Cuaderno,"Frecuencia de venta,Refrigeración",Diariamente,Totalmente de acuerdo,Totalmente de acuerdo,Totalmente de acuerdo,Ni de acuerdo ni en desacuerdo,Totalmente de acuerdo,De acuerdo,De acuerdo,De acuerdo,En desacuerdo,De acuerdo
124,Algo en desacuerdo,Totalmente en desacuerdo,Totalmente en desacuerdo,Totalmente en desacuerdo,Totalmente en desacuerdo,Totalmente en desacuerdo,Totalmente en desacuerdo,Ninguna,Frecuencia de venta,Diariamente,Ni de acuerdo ni en desacuerdo,De acuerdo,De acuerdo,Ni de acuerdo ni en desacuerdo,De acuerdo,De acuerdo,De acuerdo,De acuerdo,De acuerdo,De acuerdo
125,Totalmente de acuerdo,Totalmente de acuerdo,Totalmente de acuerdo,Totalmente de acuerdo,Totalmente de acuerdo,Totalmente de acuerdo,Algo en desacuerdo,Ninguna,"Categoría (e.g. limpieza, aseo personal, comestibles, lácteos, etc.)",Diariamente,Totalmente de acuerdo,En desacuerdo,Totalmente de acuerdo,Totalmente de acuerdo,Totalmente de acuerdo,Ni de acuerdo ni en desacuerdo,Ni de acuerdo ni en desacuerdo,En desacuerdo,Totalmente en desacuerdo,Totalmente en desacuerdo
126,Totalmente de acuerdo,Totalmente de acuerdo,Totalmente de acuerdo,Totalmente de acuerdo,Totalmente de acuerdo,Totalmente de acuerdo,Algo en desacuerdo,Ninguna,"Categoría (e.g. limpieza, aseo personal, comestibles, lácteos, etc.)",Diariamente,Totalmente de acuerdo,En desacuerdo,Totalmente de acuerdo,Totalmente de acuerdo,Totalmente de acuerdo,Ni de acuerdo ni en desacuerdo,Ni de acuerdo ni en desacuerdo,En desacuerdo,Totalmente en desacuerdo,Totalmente en desacuerdo
127,Totalmente de acuerdo,Totalmente de acuerdo,Totalmente de acuerdo,Totalmente de acuerdo,Totalmente de acuerdo,Totalmente de acuerdo,Algo en desacuerdo,Ninguna,"Categoría (e.g. limpieza, aseo personal, comestibles, lácteos, etc.)",Diariamente,Totalmente de acuerdo,En desacuerdo,Totalmente de acuerdo,Totalmente de acuerdo,Totalmente de acuerdo,Ni de acuerdo ni en desacuerdo,Ni de acuerdo ni en desacuerdo,En desacuerdo,Totalmente en desacuerdo,Totalmente en desacuerdo
128,Totalmente de acuerdo,Totalmente de acuerdo,Totalmente de acuerdo,Totalmente de acuerdo,Totalmente de acuerdo,Totalmente de acuerdo,Algo en desacuerdo,Ninguna,"Categoría (e.g. limpieza, aseo personal, comestibles, lácteos, etc.)",Diariamente,Totalmente de acuerdo,En desacuerdo,Totalmente de acuerdo,Totalmente de acuerdo,Totalmente de acuerdo,Ni de acuerdo ni en desacuerdo,Ni de acuerdo ni en desacuerdo,En desacuerdo,Totalmente en desacuerdo,Totalmente en desacuerdo
129,Totalmente de acuerdo,Totalmente de acuerdo,Totalmente de acuerdo,Totalmente de acuerdo,Totalmente de acuerdo,Totalmente de acuerdo,Algo en desacuerdo,Cuaderno,"Categoría (e.g. limpieza, aseo personal, comestibles, lácteos, etc.)",Diariamente,Totalmente de acuerdo,En desacuerdo,Totalmente de acuerdo,Totalmente de acuerdo,Totalmente de acuerdo,Ni de acuerdo ni en desacuerdo,Ni de acuerdo ni en desacuerdo,En desacuerdo,Totalmente en desacuerdo,Totalmente en desacuerdo
130,Totalmente de acuerdo,Totalmente de acuerdo,Totalmente de acuerdo,Totalmente de acuerdo,Totalmente de acuerdo,Totalmente de acuerdo,Algo en desacuerdo,Cuaderno,"Categoría (e.g. limpieza, aseo personal, comestibles, lácteos, etc.)",Diariamente,Totalmente de acuerdo,En desacuerdo,Totalmente de acuerdo,Totalmente de acuerdo,Totalmente de acuerdo,Ni de acuerdo ni en desacuerdo,Ni de acuerdo ni en desacuerdo,En desacuerdo,Totalmente en desacuerdo,Totalmente en desacuerdo
131,Totalmente de acuerdo,Totalmente de acuerdo,Totalmente de acuerdo,Totalmente de acuerdo,Totalmente de acuerdo,Totalmente de acuerdo,Algo en desacuerdo,Cuaderno,"Categoría (e.g. limpieza, aseo personal, comestibles, lácteos, etc.)",Diariamente,Totalmente de acuerdo,En desacuerdo,Totalmente de acuerdo,Totalmente de acuerdo,Totalmente de acuerdo,Ni de acuerdo ni en desacuerdo,Ni de acuerdo ni en desacuerdo,En desacuerdo,Totalmente en desacuerdo,Totalmente en desacuerdo
132,Totalmente en desacuerdo,Totalmente en desacuerdo,Totalmente en desacuerdo,Totalmente en desacuerdo,Totalmente en desacuerdo,Totalmente en desacuerdo,Totalmente en desacuerdo,Cuaderno,Refrigeración,Semanalmente,Totalmente de acuerdo,En desacuerdo,Totalmente de acuerdo,Totalmente de acuerdo,Totalmente de acuerdo,Ni de acuerdo ni en desacuerdo,Ni de acuerdo ni en desacuerdo,En desacuerdo,Totalmente en desacuerdo,Totalmente en desacuerdo
133,Totalmente en desacuerdo,Totalmente en desacuerdo,Totalmente en desacuerdo,Totalmente en desacuerdo,Totalmente en desacuerdo,Totalmente en desacuerdo,Totalmente en desacuerdo,Cuaderno,Tamaño,Diariamente,Totalmente de acuerdo,En desacuerdo,Totalmente de acuerdo,Totalmente en desacuerdo,En desacuerdo,Totalmente de acuerdo,Totalmente en desacuerdo,En desacuerdo,Ni de acuerdo ni en desacuerdo,Totalmente de acuerdo
134,Totalmente en desacuerdo,Totalmente en desacuerdo,Algo en desacuerdo,Ni de acuerdo ni en desacuerdo,Totalmente en desacuerdo,Algo en desacuerdo,Algo en desacuerdo,Ninguna,"Categoría (e.g. limpieza, aseo personal, comestibles, lácteos, etc.)",Mensualmente,Ni de acuerdo ni en desacuerdo,De acuerdo,De acuerdo,Totalmente de acuerdo,En desacuerdo,De acuerdo,Totalmente en desacuerdo,De acuerdo,En desacuerdo,En desacuerdo
135,Totalmente en desacuerdo,Totalmente en desacuerdo,Algo en desacuerdo,Ni de acuerdo ni en desacuerdo,Totalmente en desacuerdo,Algo en desacuerdo,Algo en desacuerdo,Ninguna,"Categoría (e.g. limpieza, aseo personal, comestibles, lácteos, etc.)",Mensualmente,Ni de acuerdo ni en desacuerdo,De acuerdo,De acuerdo,Totalmente de acuerdo,En desacuerdo,De acuerdo,Totalmente en desacuerdo,De acuerdo,En desacuerdo,En desacuerdo
136,Totalmente en desacuerdo,Totalmente en desacuerdo,Algo en desacuerdo,Ni de acuerdo ni en desacuerdo,Totalmente en desacuerdo,Algo en desacuerdo,Algo en desacuerdo,Ninguna,"Categoría (e.g. limpieza, aseo personal, comestibles, lácteos, etc.)",Mensualmente,Ni de acuerdo ni en desacuerdo,De acuerdo,De acuerdo,Totalmente de acuerdo,En desacuerdo,De acuerdo,Totalmente en desacuerdo,De acuerdo,En desacuerdo,En desacuerdo
137,Totalmente en desacuerdo,Totalmente en desacuerdo,Algo en desacuerdo,Ni de acuerdo ni en desacuerdo,Totalmente en desacuerdo,Algo en desacuerdo,Algo en desacuerdo,Ninguna,"Categoría (e.g. limpieza, aseo personal, comestibles, lácteos, etc.)",Mensualmente,Ni de acuerdo ni en desacuerdo,De acuerdo,De acuerdo,Totalmente de acuerdo,En desacuerdo,De acuerdo,Totalmente en desacuerdo,De acuerdo,En desacuerdo,En desacuerdo
138,Algo de acuerdo,Algo en desacuerdo,Algo en desacuerdo,Ni de acuerdo ni en desacuerdo,Algo en desacuerdo,Algo en desacuerdo,Algo en desacuerdo,Ninguna,"Categoría (e.g. limpieza, aseo personal, comestibles, lácteos, etc.)",Mensualmente,Ni de acuerdo ni en desacuerdo,De acuerdo,De acuerdo,Totalmente de acuerdo,En desacuerdo,De acuerdo,Totalmente en desacuerdo,De acuerdo,En desacuerdo,En desacuerdo
139,Algo de acuerdo,Algo en desacuerdo,Algo en desacuerdo,Ni de acuerdo ni en desacuerdo,Algo en desacuerdo,Algo en desacuerdo,Algo en desacuerdo,Ninguna,"Categoría (e.g. limpieza, aseo personal, comestibles, lácteos, etc.)",Mensualmente,Ni de acuerdo ni en desacuerdo,De acuerdo,De acuerdo,Totalmente de acuerdo,En desacuerdo,De acuerdo,Totalmente en desacuerdo,De acuerdo,En desacuerdo,En desacuerdo
140,Algo de acuerdo,Algo en desacuerdo,Algo en desacuerdo,Ni de acuerdo ni en desacuerdo,Algo en desacuerdo,Algo en desacuerdo,Algo en desacuerdo,Ninguna,"Categoría (e.g. limpieza, aseo personal, comestibles, lácteos, etc.)",Mensualmente,Ni de acuerdo ni en desacuerdo,De acuerdo,De acuerdo,Totalmente de acuerdo,En desacuerdo,De acuerdo,Totalmente en desacuerdo,De acuerdo,En desacuerdo,En desacuerdo
141,Algo de acuerdo,Algo en desacuerdo,Algo en desacuerdo,Ni de acuerdo ni en desacuerdo,Algo en desacuerdo,Algo en desacuerdo,Algo en desacuerdo,Ninguna,"Categoría (e.g. limpieza, aseo personal, comestibles, lácteos, etc.)",Mensualmente,Ni de acuerdo ni en desacuerdo,De acuerdo,De acuerdo,Totalmente de acuerdo,En desacuerdo,De acuerdo,Totalmente en desacuerdo,De acuerdo,En desacuerdo,En desacuerdo
142,Algo de acuerdo,Algo en desacuerdo,Algo en desacuerdo,Ni de acuerdo ni en desacuerdo,Algo en desacuerdo,Algo en desacuerdo,Algo en desacuerdo,Ninguna,"Categoría (e.g. limpieza, aseo personal, comestibles, lácteos, etc.)",Mensualmente,Ni de acuerdo ni en desacuerdo,De acuerdo,De acuerdo,Totalmente de acuerdo,En desacuerdo,De acuerdo,Totalmente en desacuerdo,De acuerdo,En desacuerdo,En desacuerdo
143,Algo de acuerdo,Algo en desacuerdo,Algo en desacuerdo,Ni de acuerdo ni en desacuerdo,Algo en desacuerdo,Algo en desacuerdo,Algo en desacuerdo,Ninguna,"Categoría (e.g. limpieza, aseo personal, comestibles, lácteos, etc.)",Mensualmente,Ni de acuerdo ni en desacuerdo,De acuerdo,De acuerdo,Totalmente de acuerdo,En desacuerdo,De acuerdo,Totalmente en desacuerdo,De acuerdo,En desacuerdo,En desacuerdo
144,Algo de acuerdo,Algo en desacuerdo,Algo en desacuerdo,Ni de acuerdo ni en desacuerdo,Algo en desacuerdo,Algo en desacuerdo,Algo en desacuerdo,Ninguna,"Categoría (e.g. limpieza, aseo personal, comestibles, lácteos, etc.)",Diariamente,Ni de acuerdo ni en desacuerdo,De acuerdo,De acuerdo,Totalmente de acuerdo,En desacuerdo,De acuerdo,Totalmente en desacuerdo,De acuerdo,En desacuerdo,En desacuerdo
145,Algo de acuerdo,Algo en desacuerdo,Algo en desacuerdo,Ni de acuerdo ni en desacuerdo,Algo en desacuerdo,Algo en desacuerdo,Algo en desacuerdo,Ninguna,"Categoría (e.g. limpieza, aseo personal, comestibles, lácteos, etc.)",Nunca,Ni de acuerdo ni en desacuerdo,De acuerdo,De acuerdo,Totalmente de acuerdo,En desacuerdo,De acuerdo,Totalmente en desacuerdo,De acuerdo,En desacuerdo,En desacuerdo
146,Algo en desacuerdo,Ni de acuerdo ni en desacuerdo,Totalmente en desacuerdo,Algo en desacuerdo,Totalmente en desacuerdo,Algo en desacuerdo,Totalmente en desacuerdo,Software especializado,"Categoría (e.g. limpieza, aseo personal, comestibles, lácteos, etc.)",Semanalmente,De acuerdo,De acuerdo,De acuerdo,Totalmente de acuerdo,En desacuerdo,De acuerdo,Totalmente en desacuerdo,De acuerdo,En desacuerdo,Totalmente en desacuerdo
147,Algo en desacuerdo,Ni de acuerdo ni en desacuerdo,Totalmente en desacuerdo,Algo en desacuerdo,Totalmente en desacuerdo,Algo en desacuerdo,Totalmente en desacuerdo,Software especializado,"Categoría (e.g. limpieza, aseo personal, comestibles, lácteos, etc.)",Semanalmente,De acuerdo,De acuerdo,De acuerdo,Totalmente de acuerdo,En desacuerdo,De acuerdo,Totalmente en desacuerdo,De acuerdo,En desacuerdo,Totalmente en desacuerdo
148,Algo en desacuerdo,Ni de acuerdo ni en desacuerdo,Totalmente en desacuerdo,Algo en desacuerdo,Totalmente en desacuerdo,Algo en desacuerdo,Totalmente en desacuerdo,Software especializado,"Categoría (e.g. limpieza, aseo personal, comestibles, lácteos, etc.)",Anualmente,De acuerdo,Totalmente en desacuerdo,Totalmente de acuerdo,Totalmente de acuerdo,En desacuerdo,De acuerdo,Totalmente en desacuerdo,De acuerdo,Totalmente en desacuerdo,Totalmente en desacuerdo
149,Algo en desacuerdo,Ni de acuerdo ni en desacuerdo,Totalmente en desacuerdo,Algo en desacuerdo,Totalmente en desacuerdo,Algo en desacuerdo,Totalmente en desacuerdo,Software especializado,Tamaño,Anualmente,De acuerdo,Totalmente en desacuerdo,Totalmente de acuerdo,Totalmente de acuerdo,En desacuerdo,De acuerdo,Totalmente en desacuerdo,De acuerdo,Totalmente en desacuerdo,Totalmente en desacuerdo
150,Ni de acuerdo ni en desacuerdo,Totalmente en desacuerdo,Totalmente en desacuerdo,Algo en desacuerdo,Totalmente en desacuerdo,Algo en desacuerdo,Totalmente en desacuerdo,Software especializado,Precio,Nunca,De acuerdo,Totalmente en desacuerdo,Totalmente de acuerdo,Totalmente de acuerdo,En desacuerdo,De acuerdo,Totalmente en desacuerdo,De acuerdo,Totalmente en desacuerdo,Totalmente en desacuerdo
151,Ni de acuerdo ni en desacuerdo,Totalmente en desacuerdo,Totalmente en desacuerdo,Algo en desacuerdo,Totalmente en desacuerdo,Algo en desacuerdo,Totalmente en desacuerdo,Software especializado,Precio,Semanalmente,De acuerdo,Totalmente en desacuerdo,Totalmente de acuerdo,Totalmente de acuerdo,En desacuerdo,De acuerdo,Totalmente en desacuerdo,De acuerdo,Totalmente en desacuerdo,Totalmente en desacuerdo
152,Algo de acuerdo,Algo de acuerdo,Totalmente de acuerdo,Ni de acuerdo ni en desacuerdo,Algo de acuerdo,Totalmente en desacuerdo,Algo de acuerdo,Excel,"Categoría (e.g. limpieza, aseo personal, comestibles, lácteos, etc.)",Diariamente,Totalmente de acuerdo,Totalmente de acuerdo,Totalmente de acuerdo,Ni de acuerdo ni en desacuerdo,Totalmente de acuerdo,Ni de acuerdo ni en desacuerdo,En desacuerdo,Ni de acuerdo ni en desacuerdo,Ni de acuerdo ni en desacuerdo,Totalmente de acuerdo
153,Totalmente en desacuerdo,Totalmente en desacuerdo,Algo en desacuerdo,Totalmente en desacuerdo,Totalmente de acuerdo,Totalmente en desacuerdo,Totalmente en desacuerdo,Ninguna,"Categoría (e.g. limpieza, aseo personal, comestibles, lácteos, etc.)",Diariamente,De acuerdo,De acuerdo,Ni de acuerdo ni en desacuerdo,Totalmente en desacuerdo,Ni de acuerdo ni en desacuerdo,Ni de acuerdo ni en desacuerdo,Ni de acuerdo ni en desacuerdo,De acuerdo,Totalmente en desacuerdo,De acuerdo
154,Totalmente en desacuerdo,Totalmente en desacuerdo,Totalmente en desacuerdo,Algo de acuerdo,Algo de acuerdo,Totalmente en desacuerdo,Totalmente en desacuerdo,"Cuaderno,Excel","Categoría (e.g. limpieza, aseo personal, comestibles, lácteos, etc.)",Diariamente,De acuerdo,Totalmente de acuerdo,Totalmente de acuerdo,Totalmente de acuerdo,Totalmente de acuerdo,Totalmente de acuerdo,De acuerdo,Totalmente de acuerdo,Totalmente en desacuerdo,Totalmente en desacuerdo
155,Totalmente en desacuerdo,Totalmente en desacuerdo,Totalmente en desacuerdo,Totalmente en desacuerdo,Totalmente en desacuerdo,Totalmente en desacuerdo,Totalmente en desacuerdo,Cuaderno,"Categoría (e.g. limpieza, aseo personal, comestibles, lácteos, etc.)",Diariamente,De acuerdo,Totalmente de acuerdo,Totalmente de acuerdo,Totalmente en desacuerdo,Totalmente de acuerdo,De acuerdo,Ni de acuerdo ni en desacuerdo,Ni de acuerdo ni en desacuerdo,Ni de acuerdo ni en desacuerdo,Totalmente de acuerdo
156,Totalmente en desacuerdo,Totalmente en desacuerdo,Totalmente en desacuerdo,Totalmente en desacuerdo,Totalmente en desacuerdo,Totalmente en desacuerdo,Totalmente en desacuerdo,Cuaderno,Tamaño,Semanalmente,Totalmente de acuerdo,Totalmente de acuerdo,Totalmente de acuerdo,Totalmente en desacuerdo,Totalmente de acuerdo,Totalmente de acuerdo,Totalmente de acuerdo,Totalmente de acuerdo,Totalmente en desacuerdo,Totalmente de acuerdo
157,Totalmente en desacuerdo,Totalmente en desacuerdo,Algo de acuerdo,Algo de acuerdo,Algo de acuerdo,Totalmente en desacuerdo,Algo de acuerdo,Cuaderno,"Categoría (e.g. limpieza, aseo personal, comestibles, lácteos, etc.)",Nunca,Totalmente de acuerdo,Totalmente de acuerdo,Totalmente de acuerdo,De acuerdo,De acuerdo,De acuerdo,De acuerdo,De acuerdo,Totalmente de acuerdo,De acuerdo
158,Totalmente de acuerdo,Totalmente en desacuerdo,Totalmente de acuerdo,Totalmente de acuerdo,Algo de acuerdo,Totalmente de acuerdo,Ni de acuerdo ni en desacuerdo,Excel,Refrigeración,Semanalmente,Totalmente de acuerdo,Totalmente de acuerdo,Totalmente de acuerdo,En desacuerdo,Totalmente de acuerdo,Totalmente de acuerdo,Ni de acuerdo ni en desacuerdo,De acuerdo,De acuerdo,Totalmente de acuerdo
159,Totalmente en desacuerdo,Totalmente en desacuerdo,Totalmente de acuerdo,Totalmente de acuerdo,Totalmente de acuerdo,Totalmente en desacuerdo,Totalmente en desacuerdo,Excel,Tamaño,Semanalmente,De acuerdo,Ni de acuerdo ni en desacuerdo,Ni de acuerdo ni en desacuerdo,De acuerdo,Ni de acuerdo ni en desacuerdo,Totalmente de acuerdo,Ni de acuerdo ni en desacuerdo,De acuerdo,Totalmente en desacuerdo,Ni de acuerdo ni en desacuerdo
160,Totalmente en desacuerdo,Totalmente en desacuerdo,Totalmente de acuerdo,Totalmente de acuerdo,Totalmente de acuerdo,Totalmente en desacuerdo,Totalmente en desacuerdo,Excel,Margen de utilidad,Mensualmente,De acuerdo,Totalmente en desacuerdo,Totalmente en desacuerdo,Totalmente en desacuerdo,Ni de acuerdo ni en desacuerdo,Totalmente de acuerdo,Ni de acuerdo ni en desacuerdo,De acuerdo,Totalmente en desacuerdo,Ni de acuerdo ni en desacuerdo
161,Totalmente en desacuerdo,Totalmente en desacuerdo,Totalmente en desacuerdo,Totalmente en desacuerdo,Algo de acuerdo,Totalmente en desacuerdo,Totalmente en desacuerdo,Cuaderno,"Categoría (e.g. limpieza, aseo personal, comestibles, lácteos, etc.),Refrigeración",Semanalmente,Ni de acuerdo ni en desacuerdo,De acuerdo,De acuerdo,Totalmente en desacuerdo,Totalmente de acuerdo,Totalmente de acuerdo,Totalmente de acuerdo,En desacuerdo,Totalmente en desacuerdo,Totalmente de acuerdo
162,Ni de acuerdo ni en desacuerdo,Ni de acuerdo ni en desacuerdo,Algo en desacuerdo,Algo de acuerdo,Ni de acuerdo ni en desacuerdo,Algo en desacuerdo,Ni de acuerdo ni en desacuerdo,Excel,Margen de utilidad,Diariamente,Totalmente de acuerdo,Totalmente de acuerdo,Totalmente de acuerdo,En desacuerdo,Totalmente de acuerdo,Totalmente de acuerdo,Totalmente de acuerdo,Totalmente de acuerdo,De acuerdo,Totalmente de acuerdo
163,Algo de acuerdo,Ni de acuerdo ni en desacuerdo,Totalmente de acuerdo,Totalmente de acuerdo,Algo de acuerdo,Algo de acuerdo,Totalmente de acuerdo,Cuaderno,Tamaño,Mensualmente,De acuerdo,En desacuerdo,En desacuerdo,Totalmente en desacuerdo,En desacuerdo,Totalmente en desacuerdo,Totalmente en desacuerdo,Totalmente en desacuerdo,Totalmente en desacuerdo,De acuerdo
164,Algo de acuerdo,Ni de acuerdo ni en desacuerdo,Totalmente de acuerdo,Totalmente de acuerdo,Algo de acuerdo,Algo de acuerdo,Totalmente de acuerdo,Cuaderno,Tamaño,Mensualmente,De acuerdo,En desacuerdo,En desacuerdo,Totalmente en desacuerdo,En desacuerdo,Totalmente en desacuerdo,Totalmente en desacuerdo,Totalmente en desacuerdo,Totalmente en desacuerdo,De acuerdo
165,Algo de acuerdo,Ni de acuerdo ni en desacuerdo,Totalmente de acuerdo,Totalmente de acuerdo,Algo de acuerdo,Algo de acuerdo,Totalmente de acuerdo,Cuaderno,Tamaño,Mensualmente,De acuerdo,En desacuerdo,En desacuerdo,Totalmente en desacuerdo,En desacuerdo,Totalmente en desacuerdo,Totalmente en desacuerdo,Totalmente en desacuerdo,Totalmente en desacuerdo,De acuerdo
166,Algo de acuerdo,Ni de acuerdo ni en desacuerdo,Totalmente de acuerdo,Totalmente de acuerdo,Algo de acuerdo,Algo de acuerdo,Totalmente de acuerdo,Cuaderno,Tamaño,Mensualmente,De acuerdo,En desacuerdo,En desacuerdo,Totalmente en desacuerdo,En desacuerdo,Totalmente en desacuerdo,Totalmente en desacuerdo,Totalmente en desacuerdo,Totalmente en desacuerdo,De acuerdo
167,Algo de acuerdo,Ni de acuerdo ni en desacuerdo,Totalmente de acuerdo,Totalmente de acuerdo,Algo de acuerdo,Algo de acuerdo,Totalmente de acuerdo,Cuaderno,Tamaño,Mensualmente,De acuerdo,En desacuerdo,En desacuerdo,Totalmente en desacuerdo,En desacuerdo,Totalmente en desacuerdo,Totalmente en desacuerdo,Totalmente en desacuerdo,Totalmente en desacuerdo,De acuerdo
168,Algo de acuerdo,Ni de acuerdo ni en desacuerdo,Totalmente de acuerdo,Totalmente de acuerdo,Algo de acuerdo,Algo de acuerdo,Totalmente de acuerdo,Cuaderno,Tamaño,Mensualmente,De acuerdo,En desacuerdo,En desacuerdo,Totalmente en desacuerdo,En desacuerdo,Totalmente en desacuerdo,Totalmente en desacuerdo,Totalmente en desacuerdo,Totalmente en desacuerdo,De acuerdo
169,Algo de acuerdo,Ni de acuerdo ni en desacuerdo,Totalmente de acuerdo,Totalmente de acuerdo,Algo de acuerdo,Algo de acuerdo,Totalmente de acuerdo,Cuaderno,Tamaño,Mensualmente,De acuerdo,En desacuerdo,En desacuerdo,Totalmente en desacuerdo,En desacuerdo,Totalmente en desacuerdo,Totalmente en desacuerdo,Totalmente en desacuerdo,Totalmente en desacuerdo,De acuerdo
170,Algo de acuerdo,Ni de acuerdo ni en desacuerdo,Totalmente de acuerdo,Totalmente de acuerdo,Algo de acuerdo,Algo de acuerdo,Totalmente de acuerdo,Cuaderno,Tamaño,Mensualmente,De acuerdo,En desacuerdo,En desacuerdo,Totalmente en desacuerdo,En desacuerdo,Totalmente en desacuerdo,Totalmente en desacuerdo,Totalmente en desacuerdo,Totalmente en desacuerdo,De acuerdo
